municipality,year,reference_period,value
Aabenraa,2007,2008Q1,60189
Aabenraa,2011,2011Q1,59795
Aabenraa,2015,2015Q1,58904
Aabenraa,2019,2019Q1,59035
Aabenraa,2022,2022Q1,58693
Aabenraa,2024,2024M01,58657
Aabenraa,2026,2026M02,58351
Aalborg,2007,2008Q1,195145
Aalborg,2011,2011Q1,199188
Aalborg,2015,2015Q1,207805
Aalborg,2019,2019Q1,215312
Aalborg,2022,2022Q1,221082
Aalborg,2024,2024M01,223174
Aalborg,2026,2026M02,226113
Aarhus,2007,2008Q1,298538
Aarhus,2011,2011Q1,310956
Aarhus,2015,2015Q1,326246
Aarhus,2019,2019Q1,345332
Aarhus,2022,2022Q1,355238
Aarhus,2024,2024M01,367095
Aarhus,2026,2026M02,378526
Albertslund,2007,2008Q1,27602
Albertslund,2011,2011Q1,27800
Albertslund,2015,2015Q1,27806
Albertslund,2019,2019Q1,27877
Albertslund,2022,2022Q1,27599
Albertslund,2024,2024M01,27677
Albertslund,2026,2026M02,29290
Allerød,2007,2008Q1,23493
Allerød,2011,2011Q1,24096
Allerød,2015,2015Q1,24411
Allerød,2019,2019Q1,25646
Allerød,2022,2022Q1,25867
Allerød,2024,2024M01,25962
Allerød,2026,2026M02,26487
Assens,2007,2008Q1,42054
Assens,2011,2011Q1,41635
Assens,2015,2015Q1,41046
Assens,2019,2019Q1,41212
Assens,2022,2022Q1,40972
Assens,2024,2024M01,40646
Assens,2026,2026M02,40355
Ballerup,2007,2008Q1,47116
Ballerup,2011,2011Q1,47930
Ballerup,2015,2015Q1,48355
Ballerup,2019,2019Q1,48458
Ballerup,2022,2022Q1,49274
Ballerup,2024,2024M01,51237
Ballerup,2026,2026M02,53996
Billund,2007,2008Q1,26181
Billund,2011,2011Q1,26155
Billund,2015,2015Q1,26285
Billund,2019,2019Q1,26629
Billund,2022,2022Q1,26631
Billund,2024,2024M01,27119
Billund,2026,2026M02,27181
Bornholm,2007,2008Q1,42817
Bornholm,2011,2011Q1,41802
Bornholm,2015,2015Q1,39828
Bornholm,2019,2019Q1,39572
Bornholm,2022,2022Q1,39545
Bornholm,2024,2024M01,39332
Bornholm,2026,2026M02,38606
Brøndby,2007,2008Q1,33831
Brøndby,2011,2011Q1,34021
Brøndby,2015,2015Q1,35050
Brøndby,2019,2019Q1,35397
Brøndby,2022,2022Q1,35651
Brøndby,2024,2024M01,39067
Brøndby,2026,2026M02,41013
Brønderslev,2007,2008Q1,35525
Brønderslev,2011,2011Q1,35789
Brønderslev,2015,2015Q1,35781
Brønderslev,2019,2019Q1,36370
Brønderslev,2022,2022Q1,36194
Brønderslev,2024,2024M01,36614
Brønderslev,2026,2026M02,36578
Copenhagen,2007,2008Q1,509861
Copenhagen,2011,2011Q1,539542
Copenhagen,2015,2015Q1,580184
Copenhagen,2019,2019Q1,623404
Copenhagen,2022,2022Q1,644431
Copenhagen,2024,2024M01,659350
Copenhagen,2026,2026M02,673391
Dragør,2007,2008Q1,13261
Dragør,2011,2011Q1,13717
Dragør,2015,2015Q1,14028
Dragør,2019,2019Q1,14270
Dragør,2022,2022Q1,14640
Dragør,2024,2024M01,14569
Dragør,2026,2026M02,14467
Egedal,2007,2008Q1,40533
Egedal,2011,2011Q1,41614
Egedal,2015,2015Q1,42573
Egedal,2019,2019Q1,43335
Egedal,2022,2022Q1,44375
Egedal,2024,2024M01,45532
Egedal,2026,2026M02,46323
Esbjerg,2007,2008Q1,114244
Esbjerg,2011,2011Q1,115184
Esbjerg,2015,2015Q1,115446
Esbjerg,2019,2019Q1,115652
Esbjerg,2022,2022Q1,115459
Esbjerg,2024,2024M01,115423
Esbjerg,2026,2026M02,114908
Faaborg-Midtfyn,2007,2008Q1,51950
Faaborg-Midtfyn,2011,2011Q1,51926
Faaborg-Midtfyn,2015,2015Q1,50953
Faaborg-Midtfyn,2019,2019Q1,51809
Faaborg-Midtfyn,2022,2022Q1,51849
Faaborg-Midtfyn,2024,2024M01,52291
Faaborg-Midtfyn,2026,2026M02,52328
Fanø,2007,2008Q1,3192
Fanø,2011,2011Q1,3213
Fanø,2015,2015Q1,3263
Fanø,2019,2019Q1,3404
Fanø,2022,2022Q1,3427
Fanø,2024,2024M01,3357
Fanø,2026,2026M02,3327
Favrskov,2007,2008Q1,45604
Favrskov,2011,2011Q1,46894
Favrskov,2015,2015Q1,47523
Favrskov,2019,2019Q1,48374
Favrskov,2022,2022Q1,48880
Favrskov,2024,2024M01,49377
Favrskov,2026,2026M02,49819
Faxe,2007,2008Q1,35418
Faxe,2011,2011Q1,35277
Faxe,2015,2015Q1,35195
Faxe,2019,2019Q1,36513
Faxe,2022,2022Q1,37161
Faxe,2024,2024M01,37753
Faxe,2026,2026M02,38126
Fredensborg,2007,2008Q1,39240
Fredensborg,2011,2011Q1,39341
Fredensborg,2015,2015Q1,39772
Fredensborg,2019,2019Q1,40819
Fredensborg,2022,2022Q1,41211
Fredensborg,2024,2024M01,42009
Fredensborg,2026,2026M02,42482
Fredericia,2007,2008Q1,49463
Fredericia,2011,2011Q1,50104
Fredericia,2015,2015Q1,50429
Fredericia,2019,2019Q1,51427
Fredericia,2022,2022Q1,51606
Fredericia,2024,2024M01,52485
Fredericia,2026,2026M02,52901
Frederiksberg,2007,2008Q1,93444
Frederiksberg,2011,2011Q1,98782
Frederiksberg,2015,2015Q1,103192
Frederiksberg,2019,2019Q1,103960
Frederiksberg,2022,2022Q1,103608
Frederiksberg,2024,2024M01,104899
Frederiksberg,2026,2026M02,106411
Frederikshavn,2007,2008Q1,62751
Frederikshavn,2011,2011Q1,61576
Frederikshavn,2015,2015Q1,60377
Frederikshavn,2019,2019Q1,59987
Frederikshavn,2022,2022Q1,58878
Frederikshavn,2024,2024M01,58376
Frederikshavn,2026,2026M02,57467
Frederikssund,2007,2008Q1,44102
Frederikssund,2011,2011Q1,44307
Frederikssund,2015,2015Q1,44413
Frederikssund,2019,2019Q1,45332
Frederikssund,2022,2022Q1,45800
Frederikssund,2024,2024M01,46358
Frederikssund,2026,2026M02,47454
Furesø,2007,2008Q1,37667
Furesø,2011,2011Q1,38286
Furesø,2015,2015Q1,39077
Furesø,2019,2019Q1,41069
Furesø,2022,2022Q1,41402
Furesø,2024,2024M01,42533
Furesø,2026,2026M02,42884
Gentofte,2007,2008Q1,68913
Gentofte,2011,2011Q1,71714
Gentofte,2015,2015Q1,74932
Gentofte,2019,2019Q1,75176
Gentofte,2022,2022Q1,74217
Gentofte,2024,2024M01,75033
Gentofte,2026,2026M02,75031
Gladsaxe,2007,2008Q1,62562
Gladsaxe,2011,2011Q1,64951
Gladsaxe,2015,2015Q1,67347
Gladsaxe,2019,2019Q1,69681
Gladsaxe,2022,2022Q1,69259
Gladsaxe,2024,2024M01,70600
Gladsaxe,2026,2026M02,71122
Glostrup,2007,2008Q1,20673
Glostrup,2011,2011Q1,21384
Glostrup,2015,2015Q1,22357
Glostrup,2019,2019Q1,22615
Glostrup,2022,2022Q1,23514
Glostrup,2024,2024M01,23655
Glostrup,2026,2026M02,25869
Greve,2007,2008Q1,47773
Greve,2011,2011Q1,47978
Greve,2015,2015Q1,48835
Greve,2019,2019Q1,50267
Greve,2022,2022Q1,50818
Greve,2024,2024M01,52157
Greve,2026,2026M02,54114
Gribskov,2007,2008Q1,40512
Gribskov,2011,2011Q1,40700
Gribskov,2015,2015Q1,40855
Gribskov,2019,2019Q1,41195
Gribskov,2022,2022Q1,41147
Gribskov,2024,2024M01,41920
Gribskov,2026,2026M02,41831
Guldborgsund,2007,2008Q1,63496
Guldborgsund,2011,2011Q1,62583
Guldborgsund,2015,2015Q1,60829
Guldborgsund,2019,2019Q1,60930
Guldborgsund,2022,2022Q1,60310
Guldborgsund,2024,2024M01,59759
Guldborgsund,2026,2026M02,59023
Haderslev,2007,2008Q1,56414
Haderslev,2011,2011Q1,56117
Haderslev,2015,2015Q1,55888
Haderslev,2019,2019Q1,55857
Haderslev,2022,2022Q1,55340
Haderslev,2024,2024M01,55438
Haderslev,2026,2026M02,55207
Halsnæs,2007,2008Q1,30824
Halsnæs,2011,2011Q1,31056
Halsnæs,2015,2015Q1,30736
Halsnæs,2019,2019Q1,31271
Halsnæs,2022,2022Q1,31344
Halsnæs,2024,2024M01,31515
Halsnæs,2026,2026M02,31690
Hedensted,2007,2008Q1,45561
Hedensted,2011,2011Q1,45980
Hedensted,2015,2015Q1,46091
Hedensted,2019,2019Q1,46747
Hedensted,2022,2022Q1,47099
Hedensted,2024,2024M01,47725
Hedensted,2026,2026M02,48631
Helsingør,2007,2008Q1,60844
Helsingør,2011,2011Q1,61368
Helsingør,2015,2015Q1,61632
Helsingør,2019,2019Q1,62567
Helsingør,2022,2022Q1,62875
Helsingør,2024,2024M01,63838
Helsingør,2026,2026M02,64321
Herlev,2007,2008Q1,26567
Herlev,2011,2011Q1,26597
Herlev,2015,2015Q1,28148
Herlev,2019,2019Q1,28786
Herlev,2022,2022Q1,28867
Herlev,2024,2024M01,29876
Herlev,2026,2026M02,32119
Herning,2007,2008Q1,84208
Herning,2011,2011Q1,85852
Herning,2015,2015Q1,86864
Herning,2019,2019Q1,88917
Herning,2022,2022Q1,89230
Herning,2024,2024M01,89848
Herning,2026,2026M02,90595
Hillerød,2007,2008Q1,46568
Hillerød,2011,2011Q1,47916
Hillerød,2015,2015Q1,49108
Hillerød,2019,2019Q1,50998
Hillerød,2022,2022Q1,53257
Hillerød,2024,2024M01,54422
Hillerød,2026,2026M02,55246
Hjørring,2007,2008Q1,67121
Hjørring,2011,2011Q1,66473
Hjørring,2015,2015Q1,65295
Hjørring,2019,2019Q1,64665
Hjørring,2022,2022Q1,63839
Hjørring,2024,2024M01,63544
Hjørring,2026,2026M02,62967
Holbæk,2007,2008Q1,69010
Holbæk,2011,2011Q1,69521
Holbæk,2015,2015Q1,69035
Holbæk,2019,2019Q1,71297
Holbæk,2022,2022Q1,72810
Holbæk,2024,2024M01,74129
Holbæk,2026,2026M02,75065
Holstebro,2007,2008Q1,57020
Holstebro,2011,2011Q1,57161
Holstebro,2015,2015Q1,57494
Holstebro,2019,2019Q1,58504
Holstebro,2022,2022Q1,58553
Holstebro,2024,2024M01,59016
Holstebro,2026,2026M02,59386
Horsens,2007,2008Q1,80102
Horsens,2011,2011Q1,82835
Horsens,2015,2015Q1,86361
Horsens,2019,2019Q1,90370
Horsens,2022,2022Q1,94443
Horsens,2024,2024M01,97392
Horsens,2026,2026M02,98776
Hvidovre,2007,2008Q1,49380
Hvidovre,2011,2011Q1,50081
Hvidovre,2015,2015Q1,52380
Hvidovre,2019,2019Q1,53416
Hvidovre,2022,2022Q1,53267
Hvidovre,2024,2024M01,53760
Hvidovre,2026,2026M02,54210
Høje-Taastrup,2007,2008Q1,47158
Høje-Taastrup,2011,2011Q1,47753
Høje-Taastrup,2015,2015Q1,49230
Høje-Taastrup,2019,2019Q1,50686
Høje-Taastrup,2022,2022Q1,53053
Høje-Taastrup,2024,2024M01,57540
Høje-Taastrup,2026,2026M02,60531
Hørsholm,2007,2008Q1,24197
Hørsholm,2011,2011Q1,24415
Hørsholm,2015,2015Q1,24856
Hørsholm,2019,2019Q1,25007
Hørsholm,2022,2022Q1,24761
Hørsholm,2024,2024M01,24811
Hørsholm,2026,2026M02,25344
Ikast-Brande,2007,2008Q1,39893
Ikast-Brande,2011,2011Q1,40571
Ikast-Brande,2015,2015Q1,40598
Ikast-Brande,2019,2019Q1,41282
Ikast-Brande,2022,2022Q1,41885
Ikast-Brande,2024,2024M01,42737
Ikast-Brande,2026,2026M02,43267
Ishøj,2007,2008Q1,20687
Ishøj,2011,2011Q1,20797
Ishøj,2015,2015Q1,22025
Ishøj,2019,2019Q1,22946
Ishøj,2022,2022Q1,23225
Ishøj,2024,2024M01,23663
Ishøj,2026,2026M02,24757
Jammerbugt,2007,2008Q1,38957
Jammerbugt,2011,2011Q1,38733
Jammerbugt,2015,2015Q1,38293
Jammerbugt,2019,2019Q1,38460
Jammerbugt,2022,2022Q1,38187
Jammerbugt,2024,2024M01,38234
Jammerbugt,2026,2026M02,37964
Kalundborg,2007,2008Q1,49743
Kalundborg,2011,2011Q1,49088
Kalundborg,2015,2015Q1,48469
Kalundborg,2019,2019Q1,48681
Kalundborg,2022,2022Q1,48368
Kalundborg,2024,2024M01,48309
Kalundborg,2026,2026M02,47924
Kerteminde,2007,2008Q1,23630
Kerteminde,2011,2011Q1,23758
Kerteminde,2015,2015Q1,23728
Kerteminde,2019,2019Q1,23773
Kerteminde,2022,2022Q1,24034
Kerteminde,2024,2024M01,23894
Kerteminde,2026,2026M02,24255
Kolding,2007,2008Q1,87781
Kolding,2011,2011Q1,89210
Kolding,2015,2015Q1,90794
Kolding,2019,2019Q1,92893
Kolding,2022,2022Q1,93544
Kolding,2024,2024M01,94932
Kolding,2026,2026M02,96299
Køge,2007,2008Q1,56637
Køge,2011,2011Q1,57271
Køge,2015,2015Q1,59285
Køge,2019,2019Q1,60675
Køge,2022,2022Q1,61718
Køge,2024,2024M01,62848
Køge,2026,2026M02,64010
Langeland,2007,2008Q1,13741
Langeland,2011,2011Q1,13322
Langeland,2015,2015Q1,12647
Langeland,2019,2019Q1,12560
Langeland,2022,2022Q1,12316
Langeland,2024,2024M01,12260
Langeland,2026,2026M02,11810
Lejre,2007,2008Q1,26603
Lejre,2011,2011Q1,26764
Lejre,2015,2015Q1,27172
Lejre,2019,2019Q1,27775
Lejre,2022,2022Q1,28623
Lejre,2024,2024M01,29347
Lejre,2026,2026M02,29906
Lemvig,2007,2008Q1,22067
Lemvig,2011,2011Q1,21554
Lemvig,2015,2015Q1,20657
Lemvig,2019,2019Q1,19998
Lemvig,2022,2022Q1,19398
Lemvig,2024,2024M01,19110
Lemvig,2026,2026M02,18557
Lolland,2007,2008Q1,48219
Lolland,2011,2011Q1,46111
Lolland,2015,2015Q1,43024
Lolland,2019,2019Q1,41615
Lolland,2022,2022Q1,40107
Lolland,2024,2024M01,39632
Lolland,2026,2026M02,38531
Lyngby-Taarbæk,2007,2008Q1,51449
Lyngby-Taarbæk,2011,2011Q1,52754
Lyngby-Taarbæk,2015,2015Q1,54778
Lyngby-Taarbæk,2019,2019Q1,55790
Lyngby-Taarbæk,2022,2022Q1,57826
Lyngby-Taarbæk,2024,2024M01,58538
Lyngby-Taarbæk,2026,2026M02,58711
Læsø,2007,2008Q1,2003
Læsø,2011,2011Q1,1949
Læsø,2015,2015Q1,1795
Læsø,2019,2019Q1,1806
Læsø,2022,2022Q1,1769
Læsø,2024,2024M01,1759
Læsø,2026,2026M02,1678
Mariagerfjord,2007,2008Q1,42667
Mariagerfjord,2011,2011Q1,42572
Mariagerfjord,2015,2015Q1,42134
Mariagerfjord,2019,2019Q1,42055
Mariagerfjord,2022,2022Q1,41662
Mariagerfjord,2024,2024M01,41762
Mariagerfjord,2026,2026M02,41554
Middelfart,2007,2008Q1,37274
Middelfart,2011,2011Q1,37701
Middelfart,2015,2015Q1,37857
Middelfart,2019,2019Q1,38553
Middelfart,2022,2022Q1,39603
Middelfart,2024,2024M01,40158
Middelfart,2026,2026M02,40616
Morsø,2007,2008Q1,22091
Morsø,2011,2011Q1,21600
Morsø,2015,2015Q1,20816
Morsø,2019,2019Q1,20403
Morsø,2022,2022Q1,20068
Morsø,2024,2024M01,19734
Morsø,2026,2026M02,19345
Norddjurs,2007,2008Q1,38581
Norddjurs,2011,2011Q1,38029
Norddjurs,2015,2015Q1,37898
Norddjurs,2019,2019Q1,37680
Norddjurs,2022,2022Q1,36921
Norddjurs,2024,2024M01,36773
Norddjurs,2026,2026M02,36503
Nordfyns,2007,2008Q1,29470
Nordfyns,2011,2011Q1,29507
Nordfyns,2015,2015Q1,29030
Nordfyns,2019,2019Q1,29693
Nordfyns,2022,2022Q1,29714
Nordfyns,2024,2024M01,29610
Nordfyns,2026,2026M02,29167
Nyborg,2007,2008Q1,31607
Nyborg,2011,2011Q1,31499
Nyborg,2015,2015Q1,31573
Nyborg,2019,2019Q1,32042
Nyborg,2022,2022Q1,32098
Nyborg,2024,2024M01,32193
Nyborg,2026,2026M02,32385
Næstved,2007,2008Q1,80732
Næstved,2011,2011Q1,80963
Næstved,2015,2015Q1,81687
Næstved,2019,2019Q1,82991
Næstved,2022,2022Q1,83801
Næstved,2024,2024M01,84747
Næstved,2026,2026M02,85185
Odder,2007,2008Q1,21562
Odder,2011,2011Q1,21852
Odder,2015,2015Q1,21928
Odder,2019,2019Q1,22675
Odder,2022,2022Q1,23304
Odder,2024,2024M01,23896
Odder,2026,2026M02,24328
Odense,2007,2008Q1,186932
Odense,2011,2011Q1,190245
Odense,2015,2015Q1,197480
Odense,2019,2019Q1,204182
Odense,2022,2022Q1,205978
Odense,2024,2024M01,209078
Odense,2026,2026M02,213287
Odsherred,2007,2008Q1,33129
Odsherred,2011,2011Q1,32845
Odsherred,2015,2015Q1,32665
Odsherred,2019,2019Q1,33122
Odsherred,2022,2022Q1,32881
Odsherred,2024,2024M01,32605
Odsherred,2026,2026M02,31922
Randers,2007,2008Q1,93644
Randers,2011,2011Q1,95318
Randers,2015,2015Q1,96800
Randers,2019,2019Q1,97909
Randers,2022,2022Q1,98988
Randers,2024,2024M01,99974
Randers,2026,2026M02,100611
Rebild,2007,2008Q1,28753
Rebild,2011,2011Q1,28940
Rebild,2015,2015Q1,28859
Rebild,2019,2019Q1,29916
Rebild,2022,2022Q1,30646
Rebild,2024,2024M01,30937
Rebild,2026,2026M02,31270
Ringkøbing-Skjern,2007,2008Q1,58368
Ringkøbing-Skjern,2011,2011Q1,58068
Ringkøbing-Skjern,2015,2015Q1,57042
Ringkøbing-Skjern,2019,2019Q1,56930
Ringkøbing-Skjern,2022,2022Q1,56203
Ringkøbing-Skjern,2024,2024M01,56218
Ringkøbing-Skjern,2026,2026M02,55326
Ringsted,2007,2008Q1,32092
Ringsted,2011,2011Q1,32890
Ringsted,2015,2015Q1,33573
Ringsted,2019,2019Q1,34725
Ringsted,2022,2022Q1,35141
Ringsted,2024,2024M01,36356
Ringsted,2026,2026M02,36016
Roskilde,2007,2008Q1,80687
Roskilde,2011,2011Q1,82542
Roskilde,2015,2015Q1,85026
Roskilde,2019,2019Q1,87577
Roskilde,2022,2022Q1,89447
Roskilde,2024,2024M01,90931
Roskilde,2026,2026M02,92733
Rudersdal,2007,2008Q1,53869
Rudersdal,2011,2011Q1,54765
Rudersdal,2015,2015Q1,55441
Rudersdal,2019,2019Q1,56509
Rudersdal,2022,2022Q1,57247
Rudersdal,2024,2024M01,57237
Rudersdal,2026,2026M02,57966
Rødovre,2007,2008Q1,36144
Rødovre,2011,2011Q1,36524
Rødovre,2015,2015Q1,37743
Rødovre,2019,2019Q1,40052
Rødovre,2022,2022Q1,41382
Rødovre,2024,2024M01,44328
Rødovre,2026,2026M02,45108
Samsø,2007,2008Q1,4085
Samsø,2011,2011Q1,3885
Samsø,2015,2015Q1,3733
Samsø,2019,2019Q1,3684
Samsø,2022,2022Q1,3716
Samsø,2024,2024M01,3694
Samsø,2026,2026M02,3625
Silkeborg,2007,2008Q1,87371
Silkeborg,2011,2011Q1,88913
Silkeborg,2015,2015Q1,90016
Silkeborg,2019,2019Q1,93054
Silkeborg,2022,2022Q1,97358
Silkeborg,2024,2024M01,100747
Silkeborg,2026,2026M02,102881
Skanderborg,2007,2008Q1,56044
Skanderborg,2011,2011Q1,57717
Skanderborg,2015,2015Q1,58782
Skanderborg,2019,2019Q1,61974
Skanderborg,2022,2022Q1,64318
Skanderborg,2024,2024M01,65205
Skanderborg,2026,2026M02,66341
Skive,2007,2008Q1,48356
Skive,2011,2011Q1,47986
Skive,2015,2015Q1,46641
Skive,2019,2019Q1,46224
Skive,2022,2022Q1,45078
Skive,2024,2024M01,44739
Skive,2026,2026M02,44090
Slagelse,2007,2008Q1,77457
Slagelse,2011,2011Q1,77442
Slagelse,2015,2015Q1,77293
Slagelse,2019,2019Q1,79073
Slagelse,2022,2022Q1,79691
Slagelse,2024,2024M01,79923
Slagelse,2026,2026M02,80910
Solrød,2007,2008Q1,20759
Solrød,2011,2011Q1,20964
Solrød,2015,2015Q1,21552
Solrød,2019,2019Q1,23065
Solrød,2022,2022Q1,23794
Solrød,2024,2024M01,24579
Solrød,2026,2026M02,25051
Sorø,2007,2008Q1,29180
Sorø,2011,2011Q1,29499
Sorø,2015,2015Q1,29331
Sorø,2019,2019Q1,29834
Sorø,2022,2022Q1,30018
Sorø,2024,2024M01,30478
Sorø,2026,2026M02,30884
Stevns,2007,2008Q1,21892
Stevns,2011,2011Q1,21855
Stevns,2015,2015Q1,22038
Stevns,2019,2019Q1,22782
Stevns,2022,2022Q1,23473
Stevns,2024,2024M01,23649
Stevns,2026,2026M02,23857
Struer,2007,2008Q1,22672
Struer,2011,2011Q1,22190
Struer,2015,2015Q1,21439
Struer,2019,2019Q1,21143
Struer,2022,2022Q1,20802
Struer,2024,2024M01,20594
Struer,2026,2026M02,20109
Svendborg,2007,2008Q1,59040
Svendborg,2011,2011Q1,58713
Svendborg,2015,2015Q1,57988
Svendborg,2019,2019Q1,58599
Svendborg,2022,2022Q1,59193
Svendborg,2024,2024M01,59727
Svendborg,2026,2026M02,60083
Syddjurs,2007,2008Q1,41281
Syddjurs,2011,2011Q1,41734
Syddjurs,2015,2015Q1,41652
Syddjurs,2019,2019Q1,42768
Syddjurs,2022,2022Q1,43596
Syddjurs,2024,2024M01,44076
Syddjurs,2026,2026M02,44402
Sønderborg,2007,2008Q1,76913
Sønderborg,2011,2011Q1,76193
Sønderborg,2015,2015Q1,74937
Sønderborg,2019,2019Q1,74561
Sønderborg,2022,2022Q1,73711
Sønderborg,2024,2024M01,74233
Sønderborg,2026,2026M02,74049
Thisted,2007,2008Q1,45549
Thisted,2011,2011Q1,45145
Thisted,2015,2015Q1,44078
Thisted,2019,2019Q1,43660
Thisted,2022,2022Q1,43089
Thisted,2024,2024M01,42989
Thisted,2026,2026M02,42590
Tårnby,2007,2008Q1,40016
Tårnby,2011,2011Q1,40835
Tårnby,2015,2015Q1,42573
Tårnby,2019,2019Q1,42984
Tårnby,2022,2022Q1,42723
Tårnby,2024,2024M01,43915
Tårnby,2026,2026M02,44263
Tønder,2007,2008Q1,40367
Tønder,2011,2011Q1,39464
Tønder,2015,2015Q1,38010
Tønder,2019,2019Q1,37587
Tønder,2022,2022Q1,36849
Tønder,2024,2024M01,36651
Tønder,2026,2026M02,36183
Vallensbæk,2007,2008Q1,12399
Vallensbæk,2011,2011Q1,14445
Vallensbæk,2015,2015Q1,15204
Vallensbæk,2019,2019Q1,16654
Vallensbæk,2022,2022Q1,16488
Vallensbæk,2024,2024M01,17800
Vallensbæk,2026,2026M02,18710
Varde,2007,2008Q1,50125
Varde,2011,2011Q1,50351
Varde,2015,2015Q1,50122
Varde,2019,2019Q1,50129
Varde,2022,2022Q1,49664
Varde,2024,2024M01,49798
Varde,2026,2026M02,49383
Vejen,2007,2008Q1,42447
Vejen,2011,2011Q1,42683
Vejen,2015,2015Q1,42601
Vejen,2019,2019Q1,42863
Vejen,2022,2022Q1,42596
Vejen,2024,2024M01,42800
Vejen,2026,2026M02,42637
Vejle,2007,2008Q1,104933
Vejle,2011,2011Q1,107218
Vejle,2015,2015Q1,110471
Vejle,2019,2019Q1,114830
Vejle,2022,2022Q1,119060
Vejle,2024,2024M01,121696
Vejle,2026,2026M02,123306
Vesthimmerlands,2007,2008Q1,38277
Vesthimmerlands,2011,2011Q1,37864
Vesthimmerlands,2015,2015Q1,37399
Vesthimmerlands,2019,2019Q1,37121
Vesthimmerlands,2022,2022Q1,36326
Vesthimmerlands,2024,2024M01,36012
Vesthimmerlands,2026,2026M02,35617
Viborg,2007,2008Q1,92084
Viborg,2011,2011Q1,93498
Viborg,2015,2015Q1,94985
Viborg,2019,2019Q1,97113
Viborg,2022,2022Q1,96847
Viborg,2024,2024M01,97472
Viborg,2026,2026M02,97941
Vordingborg,2007,2008Q1,46600
Vordingborg,2011,2011Q1,46170
Vordingborg,2015,2015Q1,45471
Vordingborg,2019,2019Q1,45816
Vordingborg,2022,2022Q1,45352
Vordingborg,2024,2024M01,45751
Vordingborg,2026,2026M02,44832
Ærø,2007,2008Q1,6712
Ærø,2011,2011Q1,6663
Ærø,2015,2015Q1,6276
Ærø,2019,2019Q1,6058
Ærø,2022,2022Q1,6025
Ærø,2024,2024M01,5960
Ærø,2026,2026M02,5770
